Test Name,test@email.com,1234567890
Test Name,test@email.com,1234567890
John Doe,john@example.com,9876543210
John Doe,john@example.com,9876543210
John Doe,john@example.com,9876543210
John Doe,john@example.com,9876543210
John Doe,john@example.com,9876543210
John Doe,john@example.com,9876543210
John Doe,john@example.com,9876543210
John Doe,john@example.com,9876543210
John Doe,john@example.com,9876543210
John Doe,john@example.com,9876543210
John Doe,john@example.com,9876543210
John Doe,john@example.com,9876543210
John Doe,john@example.com,9876543210
John Doe,john@example.com,9876543210
John Doe,john@example.com,9876543210
John Doe,john@example.com,9876543210
John Doe,john@example.com,9876543210
John Doe,john@example.com,9876543210
Test User,test@example.com,1234567890,2025-05-30 14:02:41
Test User,test@example.com,1234567890,2025-05-30 14:04:35
Test User,test@example.com,1234567890,2025-05-30 14:04:42
